velocidad_bala,distancia,salto,movimiento
-12.0,870.0,0,0
-12.0,858.0,0,0
-12.0,846.0,0,0
-12.0,834.0,0,0
-12.0,822.0,0,0
-12.0,810.0,0,0
-12.0,798.0,0,0
-12.0,786.0,0,0
-12.0,774.0,0,0
-12.0,762.0,0,0
-12.0,750.0,0,0
-12.0,738.0,0,0
-12.0,726.0,0,0
-12.0,714.0,0,0
-12.0,702.0,0,0
-12.0,690.0,0,0
-12.0,678.0,0,0
-12.0,666.0,1,0
-12.0,654.0,1,0
-12.0,642.0,1,0
-12.0,630.0,1,0
-12.0,618.0,1,0
-12.0,606.0,1,0
-12.0,594.0,1,0
-12.0,582.0,1,0
-12.0,570.0,1,0
-12.0,558.0,1,0
-12.0,546.0,1,0
-12.0,534.0,1,0
-12.0,522.0,1,0
-12.0,510.0,1,0
-12.0,498.0,1,0
-12.0,486.0,1,0
-12.0,474.0,1,0
-12.0,462.0,1,0
-12.0,450.0,1,0
-12.0,438.0,1,0
-12.0,426.0,1,0
-12.0,414.0,1,0
-12.0,402.0,1,0
-12.0,390.0,1,0
-12.0,378.0,1,0
-12.0,366.0,1,0
-12.0,354.0,1,0
-12.0,342.0,1,0
-12.0,330.0,1,0
-12.0,318.0,1,0
-12.0,306.0,1,0
-12.0,294.0,1,0
-12.0,282.0,0,0
-12.0,270.0,0,0
-12.0,258.0,0,0
-12.0,246.0,0,0
-12.0,234.0,0,0
-12.0,222.0,0,0
-12.0,210.0,0,0
-12.0,198.0,1,0
-12.0,186.0,1,0
-12.0,174.0,1,0
-12.0,162.0,1,0
-12.0,150.0,1,0
-12.0,138.0,1,0
-12.0,126.0,1,0
-12.0,114.0,1,0
-12.0,102.0,1,0
-12.0,90.0,1,0
-12.0,78.0,1,0
-12.0,66.0,1,0
-12.0,54.0,1,0
-12.0,42.0,1,0
-12.0,30.0,1,0
-12.0,18.0,1,0
-12.0,6.0,1,0
-12.0,6.0,1,0
-12.0,18.0,1,0
-12.0,30.0,1,0
-12.0,42.0,1,0
-12.0,54.0,1,0
-12.0,66.0,1,0
-12.0,78.0,1,0
-12.0,90.0,1,0
-12.0,102.0,1,0
-12.0,114.0,1,0
-12.0,126.0,1,0
-12.0,138.0,1,0
-12.0,150.0,1,0
-7.0,875.0,1,0
-7.0,868.0,0,1
-7.0,861.0,0,1
-7.0,849.0,0,1
-7.0,837.0,0,1
-7.0,824.0,0,1
-7.0,811.0,0,1
-7.0,799.0,0,1
-7.0,786.0,0,1
-7.0,773.0,0,1
-7.0,761.0,0,1
-7.0,748.0,0,1
-7.0,735.0,0,1
-7.0,723.0,0,1
-7.0,710.0,0,1
-7.0,697.0,0,1
-7.0,685.0,0,1
-7.0,672.0,0,1
-7.0,664.0,0,1
-7.0,663.0,0,1
-7.0,662.0,0,1
-7.0,660.0,0,1
-7.0,659.0,0,1
-7.0,657.0,0,1
-7.0,656.0,0,1
-7.0,654.0,0,1
-7.0,653.0,0,1
-7.0,652.0,0,1
-7.0,650.0,0,1
-7.0,649.0,0,1
-7.0,648.0,0,1
-7.0,647.0,0,1
-7.0,645.0,0,1
-7.0,644.0,0,1
-7.0,637.0,0,0
-7.0,630.0,0,0
-7.0,623.0,0,0
-7.0,616.0,0,0
-7.0,609.0,0,0
-7.0,602.0,0,0
-7.0,595.0,0,0
-7.0,588.0,0,0
-7.0,581.0,0,0
-7.0,574.0,0,0
-7.0,567.0,0,0
-7.0,560.0,0,0
-7.0,553.0,0,0
-7.0,546.0,0,0
-7.0,539.0,0,0
-7.0,532.0,0,0
-7.0,525.0,0,0
-7.0,518.0,0,0
-7.0,511.0,0,0
-7.0,504.0,0,0
-7.0,497.0,0,0
-7.0,490.0,0,0
-7.0,483.0,0,0
-7.0,476.0,0,0
-7.0,469.0,0,0
-7.0,462.0,0,0
-7.0,455.0,0,0
-7.0,448.0,0,0
-7.0,441.0,0,0
-7.0,434.0,0,0
-7.0,427.0,0,0
-7.0,420.0,0,0
-7.0,413.0,0,0
-7.0,406.0,0,0
-7.0,399.0,0,0
-7.0,392.0,0,0
-7.0,385.0,0,0
-7.0,378.0,0,0
-7.0,371.0,0,0
-7.0,364.0,0,0
-7.0,357.0,0,0
-7.0,350.0,0,0
-7.0,343.0,0,0
-7.0,336.0,0,0
-7.0,329.0,0,0
-7.0,322.0,0,0
-7.0,315.0,0,0
-7.0,308.0,0,0
-7.0,301.0,0,0
-7.0,294.0,0,0
-7.0,287.0,0,0
-7.0,280.0,0,0
-7.0,273.0,0,0
-7.0,266.0,0,0
-7.0,259.0,0,0
-7.0,252.0,0,0
-7.0,245.0,0,0
-7.0,238.0,0,0
-7.0,231.0,0,0
-7.0,224.0,0,0
-7.0,217.0,0,0
-7.0,210.0,0,0
-7.0,203.0,0,0
-7.0,196.0,0,0
-7.0,189.0,0,0
-7.0,182.0,0,0
-7.0,175.0,0,0
-7.0,168.0,0,0
-7.0,161.0,0,0
-7.0,154.0,0,0
-7.0,147.0,0,0
-7.0,140.0,0,0
-7.0,133.0,0,0
-7.0,126.0,1,0
-7.0,119.0,1,0
-7.0,112.0,1,0
-7.0,105.0,1,0
-7.0,98.0,1,0
-7.0,91.0,1,0
-7.0,84.0,1,0
-7.0,77.0,1,0
-7.0,70.0,1,0
-7.0,63.0,1,0
-7.0,56.0,1,0
-7.0,49.0,1,0
-7.0,42.0,1,0
-7.0,35.0,1,0
-7.0,28.0,1,0
-7.0,21.0,1,0
-7.0,14.0,1,0
-7.0,7.0,1,0
-7.0,0.0,1,0
-7.0,7.0,1,0
-7.0,14.0,1,0
-7.0,21.0,1,0
-7.0,28.0,1,0
-7.0,35.0,1,0
-7.0,42.0,1,0
-7.0,49.0,1,0
-7.0,56.0,1,0
-7.0,63.0,1,0
-7.0,70.0,1,0
-7.0,77.0,1,0
-7.0,84.0,1,0
-7.0,91.0,1,0
-7.0,98.0,0,0
-7.0,105.0,0,0
-7.0,112.0,0,0
-7.0,119.0,0,0
-7.0,126.0,0,0
-7.0,133.0,0,0
-7.0,140.0,0,0
-7.0,147.0,0,0
-7.0,154.0,0,0
-8.0,874.0,0,1
-8.0,866.0,0,1
-8.0,853.0,0,1
-8.0,839.0,0,1
-8.0,826.0,0,1
-8.0,812.0,0,1
-8.0,798.0,0,1
-8.0,785.0,0,1
-8.0,771.0,0,1
-8.0,757.0,0,1
-8.0,743.0,0,1
-8.0,730.0,0,1
-8.0,716.0,0,1
-8.0,703.0,0,1
-8.0,689.0,0,1
-8.0,675.0,0,1
-8.0,662.0,0,1
-8.0,653.0,0,1
-8.0,651.0,0,1
-8.0,648.0,0,1
-8.0,646.0,0,1
-8.0,644.0,0,1
-8.0,642.0,0,1
-8.0,639.0,0,1
-8.0,637.0,0,1
-8.0,635.0,0,1
-8.0,633.0,0,1
-8.0,630.0,0,1
-8.0,628.0,0,1
-8.0,626.0,0,1
-8.0,623.0,0,1
-8.0,621.0,0,1
-8.0,618.0,0,0
-8.0,610.0,0,0
-8.0,602.0,0,0
-8.0,594.0,0,0
-8.0,586.0,0,0
-8.0,578.0,0,0
-8.0,570.0,0,0
-8.0,562.0,0,0
-8.0,554.0,0,0
-8.0,546.0,0,0
-8.0,538.0,0,0
-8.0,530.0,0,0
-8.0,522.0,0,0
-8.0,514.0,0,0
-8.0,506.0,0,0
-8.0,498.0,0,0
-8.0,490.0,0,0
-8.0,482.0,0,0
-8.0,474.0,0,0
-8.0,466.0,0,0
-8.0,458.0,0,0
-8.0,450.0,0,0
-8.0,442.0,0,0
-8.0,434.0,0,0
-8.0,426.0,0,0
-8.0,418.0,0,0
-8.0,410.0,0,0
-8.0,402.0,0,0
-8.0,394.0,0,0
-8.0,386.0,0,0
-8.0,378.0,0,0
-8.0,370.0,0,0
-8.0,362.0,0,0
-8.0,354.0,0,0
-8.0,346.0,0,0
-8.0,338.0,0,0
-8.0,330.0,0,0
-8.0,322.0,0,0
-8.0,314.0,0,0
-8.0,306.0,0,0
-8.0,298.0,0,0
-8.0,290.0,0,0
-8.0,282.0,0,0
-8.0,274.0,0,0
-8.0,266.0,0,0
-8.0,258.0,0,0
-8.0,250.0,0,0
-8.0,242.0,0,0
-8.0,234.0,0,0
-8.0,226.0,0,0
-8.0,218.0,0,0
-8.0,210.0,0,0
-8.0,202.0,0,0
-8.0,194.0,0,0
-8.0,186.0,0,0
-8.0,178.0,0,0
-8.0,170.0,0,0
-8.0,162.0,0,0
-8.0,154.0,0,0
-8.0,146.0,0,0
-8.0,138.0,1,0
-8.0,130.0,1,0
-8.0,122.0,1,0
-8.0,114.0,1,0
-8.0,106.0,1,0
-8.0,98.0,1,0
-8.0,90.0,1,0
-8.0,82.0,1,0
-8.0,74.0,1,0
-8.0,66.0,1,0
-8.0,58.0,1,0
-8.0,50.0,1,0
-8.0,42.0,1,0
-8.0,34.0,1,0
-8.0,26.0,1,0
-8.0,18.0,1,0
-8.0,10.0,1,0
-8.0,2.0,1,0
-8.0,6.0,1,0
-8.0,14.0,1,0
-8.0,22.0,1,0
-8.0,30.0,1,0
-8.0,38.0,1,0
-8.0,46.0,1,0
-8.0,54.0,1,0
-8.0,62.0,1,0
-8.0,70.0,1,0
-8.0,78.0,1,0
-8.0,86.0,1,0
-8.0,94.0,1,0
-8.0,102.0,1,0
-8.0,110.0,1,0
-8.0,118.0,0,0
-8.0,126.0,0,0
-8.0,134.0,0,0
-8.0,142.0,0,1
-8.0,150.0,0,1
-8.0,163.0,0,1
-9.0,856.0,0,1
-9.0,842.0,0,1
-9.0,827.0,0,1
-9.0,812.0,0,1
-9.0,798.0,0,1
-9.0,783.0,0,1
-9.0,768.0,0,1
-9.0,753.0,0,1
-9.0,739.0,0,1
-9.0,724.0,0,1
-9.0,709.0,0,1
-9.0,695.0,0,1
-9.0,680.0,0,1
-9.0,672.0,0,1
-9.0,668.0,0,1
-9.0,665.0,0,1
-9.0,661.0,0,1
-9.0,658.0,0,1
-9.0,655.0,0,1
-9.0,651.0,0,1
-9.0,648.0,0,1
-9.0,645.0,0,1
-9.0,642.0,0,1
-9.0,638.0,0,1
-9.0,635.0,0,1
-9.0,631.0,0,1
-9.0,628.0,0,1
-9.0,624.0,0,1
-9.0,621.0,0,1
-9.0,612.0,0,0
-9.0,603.0,0,0
-9.0,594.0,0,1
-9.0,585.0,0,1
-9.0,571.0,0,1
-9.0,556.0,0,1
-9.0,541.0,0,1
-9.0,527.0,0,1
-9.0,512.0,0,1
-9.0,497.0,0,1
-9.0,482.0,0,1
-9.0,468.0,0,1
-9.0,453.0,0,1
-9.0,438.0,0,1
-9.0,424.0,0,1
-9.0,409.0,0,1
-9.0,394.0,0,1
-9.0,380.0,0,1
-9.0,365.0,0,1
-9.0,357.0,0,1
-9.0,354.0,0,1
-9.0,350.0,0,1
-9.0,347.0,0,1
-9.0,344.0,0,1
-9.0,340.0,0,1
-9.0,337.0,0,1
-9.0,334.0,0,1
-9.0,330.0,0,1
-9.0,327.0,0,1
-9.0,324.0,0,1
-9.0,320.0,0,1
-9.0,317.0,0,1
-9.0,314.0,0,1
-9.0,310.0,0,1
-9.0,306.0,0,0
-9.0,297.0,0,0
-9.0,288.0,0,0
-9.0,279.0,0,0
-9.0,270.0,0,0
-9.0,261.0,0,0
-9.0,252.0,0,0
-9.0,243.0,0,0
-9.0,234.0,0,0
-9.0,225.0,0,0
-9.0,216.0,0,0
-9.0,207.0,0,0
-9.0,198.0,0,0
-9.0,189.0,0,0
-9.0,180.0,0,0
-9.0,171.0,0,0
-9.0,162.0,0,0
-9.0,153.0,0,0
-9.0,144.0,1,0
-9.0,135.0,1,0
-9.0,126.0,1,0
-9.0,117.0,1,0
-9.0,108.0,1,0
-9.0,99.0,1,0
-9.0,90.0,1,0
-9.0,81.0,1,0
-9.0,72.0,1,0
-9.0,63.0,1,0
-9.0,54.0,1,0
-9.0,45.0,1,0
-9.0,36.0,1,0
-9.0,27.0,1,0
-9.0,18.0,1,0
-9.0,9.0,1,0
-9.0,0.0,1,0
-9.0,9.0,1,0
-9.0,18.0,1,0
-9.0,27.0,1,0
-9.0,36.0,1,0
-9.0,45.0,1,0
-9.0,54.0,1,0
-9.0,63.0,1,0
-9.0,72.0,1,0
-9.0,81.0,1,0
-9.0,90.0,1,0
-9.0,99.0,1,0
-9.0,108.0,1,0
-9.0,117.0,1,0
-9.0,126.0,1,0
-9.0,135.0,1,0
-9.0,144.0,0,0
-9.0,153.0,0,0
-11.0,871.0,0,0
-11.0,860.0,0,0
-11.0,849.0,0,0
-11.0,838.0,0,0
-11.0,827.0,0,0
-11.0,816.0,0,0
-11.0,805.0,0,0
-11.0,794.0,0,0
-11.0,783.0,0,0
-11.0,772.0,0,0
-11.0,761.0,0,0
-11.0,750.0,0,0
-11.0,739.0,0,0
-11.0,728.0,0,0
-11.0,717.0,0,0
-11.0,706.0,0,0
-11.0,695.0,0,0
-11.0,684.0,0,0
-11.0,673.0,0,0
-11.0,662.0,0,0
-11.0,651.0,0,0
-11.0,640.0,0,0
-11.0,629.0,0,0
-11.0,618.0,0,0
-11.0,607.0,0,0
-11.0,596.0,0,0
-11.0,585.0,0,0
-11.0,574.0,0,0
-11.0,563.0,0,0
-11.0,552.0,0,0
-11.0,541.0,0,0
-11.0,530.0,0,0
-11.0,519.0,0,0
-11.0,508.0,0,0
-11.0,497.0,0,0
-11.0,486.0,0,0
-11.0,475.0,0,0
-11.0,464.0,0,0
-11.0,453.0,0,0
-11.0,442.0,0,0
-11.0,431.0,0,0
-11.0,420.0,0,0
-11.0,409.0,0,0
-11.0,398.0,0,0
-11.0,387.0,0,0
-11.0,376.0,0,0
-11.0,365.0,0,0
-11.0,354.0,0,0
-11.0,343.0,0,0
-11.0,332.0,0,0
-11.0,321.0,0,0
-11.0,310.0,0,0
-11.0,299.0,0,0
-11.0,288.0,0,0
-11.0,277.0,0,0
-11.0,266.0,0,0
-11.0,255.0,0,0
-11.0,244.0,0,0
-11.0,233.0,0,0
-11.0,222.0,0,0
-11.0,211.0,0,0
-11.0,200.0,0,0
-11.0,189.0,0,0
-11.0,178.0,1,0
-11.0,167.0,1,0
-11.0,156.0,1,0
-11.0,145.0,1,0
-11.0,134.0,1,0
-11.0,123.0,1,0
-11.0,112.0,1,0
-11.0,101.0,1,0
-11.0,90.0,1,0
-11.0,79.0,1,0
-11.0,68.0,1,0
-11.0,57.0,1,0
-11.0,46.0,1,0
-11.0,35.0,1,0
-11.0,24.0,1,0
-11.0,13.0,1,0
-11.0,2.0,1,0
-11.0,9.0,1,0
-11.0,20.0,1,0
-11.0,31.0,1,0
-11.0,42.0,1,0
-11.0,53.0,1,0
-11.0,64.0,1,0
-11.0,75.0,1,0
-11.0,86.0,1,0
-11.0,97.0,1,0
-11.0,108.0,1,0
-11.0,119.0,1,0
-11.0,130.0,1,0
-11.0,141.0,1,0
-11.0,152.0,1,0
-6.0,876.0,0,0
-6.0,870.0,0,0
-6.0,864.0,0,0
-6.0,858.0,0,0
-6.0,852.0,0,0
-6.0,846.0,0,0
-6.0,840.0,0,0
-6.0,834.0,0,0
-6.0,828.0,0,0
-6.0,822.0,0,0
-6.0,816.0,0,0
-6.0,810.0,0,0
-6.0,804.0,0,0
-6.0,798.0,0,0
-6.0,792.0,0,0
-6.0,786.0,0,0
-6.0,780.0,0,0
-6.0,774.0,0,0
-6.0,768.0,0,0
-6.0,762.0,0,0
-6.0,756.0,0,0
